Intensities,ADC Values,Time
4.0,41.0,0.029509782791137695
4.0,41.0,0.06250953674316406
4.0,41.0,0.09914970397949219
4.0,41.0,0.13268685340881348
4.0,41.0,0.16914868354797363
3.0,40.0,0.2018587589263916
4.0,41.0,0.23873305320739746
3.0,40.0,0.2724876403808594
4.0,41.0,0.30854296684265137
3.0,40.0,0.3425295352935791
4.0,41.0,0.3774447441101074
4.0,41.0,0.41245102882385254
4.0,41.0,0.44734954833984375
3.0,40.0,0.4823794364929199
4.0,41.0,0.5169081687927246
3.0,40.0,0.5519070625305176
3.0,40.0,0.5872015953063965
3.0,40.0,0.6222999095916748
4.0,41.0,0.6573481559753418
3.0,40.0,0.6912472248077393
4.0,41.0,0.7270596027374268
4.0,41.0,0.7620739936828613
4.0,41.0,0.7968766689300537
4.0,41.0,0.8320672512054443
4.0,41.0,0.8666062355041504
3.0,40.0,0.9011270999908447
4.0,41.0,0.9361569881439209
3.0,40.0,0.9715728759765625
4.0,41.0,1.0051138401031494
3.0,40.0,1.0417964458465576
3.0,40.0,1.075880765914917
4.0,41.0,1.1117568016052246
4.0,41.0,1.1455886363983154
4.0,41.0,1.1811583042144775
4.0,41.0,1.2153079509735107
3.0,40.0,1.2515532970428467
4.0,41.0,1.285081148147583
4.0,41.0,1.3210506439208984
4.0,41.0,1.354654312133789
3.0,40.0,1.3908088207244873
4.0,41.0,1.4236600399017334
3.0,40.0,1.4614832401275635
4.0,43.0,1.4939706325531006
3.0,40.0,1.5314662456512451
4.0,41.0,1.5638706684112549
3.0,40.0,1.6012694835662842
3.0,40.0,1.632965087890625
4.0,41.0,1.6703073978424072
4.0,41.0,1.7035667896270752
4.0,41.0,1.7406742572784424
4.0,41.0,1.7723276615142822
3.0,40.0,1.8110694885253906
4.0,42.0,1.8425781726837158
3.0,40.0,1.880185604095459
4.0,42.0,1.9121901988983154
4.0,41.0,1.950575828552246
4.0,46.0,1.9822580814361572
4.0,44.0,2.020364761352539
4.0,45.0,2.052363395690918
5.0,57.0,2.090609073638916
9.0,93.0,2.12211275100708
15.0,158.0,2.1601123809814453
19.0,204.0,2.190592050552368
22.0,234.0,2.222748041152954
29.0,300.0,2.260270357131958
32.0,330.0,2.2923521995544434
38.0,396.0,2.3293726444244385
41.0,426.0,2.3599793910980225
43.0,446.0,2.3916444778442383
44.0,456.0,2.428361654281616
44.0,455.0,2.459974527359009
43.0,444.0,2.492021083831787
42.0,436.0,2.528630495071411
41.0,420.0,2.56011962890625
38.0,391.0,2.5915937423706055
34.0,354.0,2.6277973651885986
29.0,302.0,2.659679889678955
24.0,247.0,2.691206932067871
16.0,169.0,2.7277815341949463
10.0,106.0,2.759019613265991
3.0,40.0,2.789665937423706
0.0,0.0,2.828599214553833
0.0,0.0,2.8591115474700928
0.0,0.0,2.8891546726226807
0.0,0.0,2.9197514057159424
0.0,0.0,2.9498369693756104
0.0,0.0,2.9791862964630127
0.0,0.0,3.0093891620635986
0.0,0.0,3.0404040813446045
0.0,0.0,3.070451498031616
0.0,0.0,3.099893093109131
0.0,0.0,3.1304070949554443
0.0,0.0,3.160411834716797
0.0,0.0,3.1915011405944824
0.0,0.0,3.221724510192871
0.0,0.0,3.2518937587738037
0.0,0.0,3.2820632457733154
0.0,0.0,3.3123395442962646
0.0,0.0,3.342465400695801
0.0,0.0,3.372335433959961
0.0,0.0,3.403064489364624
0.0,0.0,3.4328463077545166
0.0,0.0,3.463463306427002
0.0,0.0,3.4936184883117676
0.0,0.0,3.523136615753174
0.0,0.0,3.5531365871429443
0.0,0.0,3.5841357707977295
0.0,0.0,3.613534688949585
0.0,0.0,3.6438188552856445
0.0,0.0,3.6749091148376465
0.0,0.0,3.704442262649536
0.0,0.0,3.735408067703247
0.0,0.0,3.765204906463623
0.0,0.0,3.796383857727051
0.0,0.0,3.825977087020874
0.0,0.0,3.855633020401001
0.0,0.0,3.8867218494415283
0.0,0.0,3.9158215522766113
0.0,0.0,3.9463908672332764
0.0,0.0,3.976381540298462
0.0,0.0,4.006493806838989
0.0,0.0,4.0372679233551025
4.0,44.0,4.067186594009399
14.0,151.0,4.098186254501343
20.0,211.0,4.128693103790283
23.0,240.0,4.159221410751343
28.0,289.0,4.1972198486328125
32.0,332.0,4.227726697921753
38.0,394.0,4.259729385375977
45.0,470.0,4.2957282066345215
54.0,554.0,4.328549385070801
58.0,596.0,4.359778642654419
61.0,628.0,4.394654035568237
62.0,640.0,4.427478313446045
61.0,630.0,4.460063934326172
62.0,640.0,4.493096113204956
62.0,640.0,4.527750253677368
61.0,630.0,4.55953049659729
62.0,640.0,4.593168497085571
62.0,640.0,4.627781867980957
61.0,630.0,4.658464431762695
62.0,640.0,4.692648649215698
62.0,640.0,4.727473497390747
62.0,640.0,4.763423442840576
62.0,640.0,4.7981321811676025
62.0,640.0,4.831300258636475
61.0,631.0,4.867756366729736
62.0,640.0,4.901657819747925
61.0,631.0,4.9366455078125
62.0,640.0,4.9708476066589355
61.0,634.0,5.006652593612671
61.0,631.0,5.037862539291382
62.0,640.0,5.0706610679626465
0.0,628.0,5.100767612457275
0.0,630.0,5.131725311279297
0.0,624.0,5.161685228347778
0.0,630.0,5.1922478675842285
0.0,630.0,5.221801519393921
0.0,630.0,5.252750396728516
0.0,628.0,5.282623052597046
0.0,630.0,5.312673091888428
0.0,628.0,5.343043088912964
0.0,628.0,5.373636722564697
0.0,630.0,5.403634309768677
0.0,628.0,5.434334993362427
0.0,628.0,5.464120388031006
0.0,628.0,5.494292974472046
0.0,628.0,5.524806976318359
0.0,628.0,5.555171012878418
61.0,628.0,5.586103439331055
61.0,628.0,5.616974353790283
62.0,640.0,5.6500465869903564
61.0,630.0,5.684976100921631
61.0,628.0,5.71735692024231
62.0,640.0,5.748762130737305
61.0,630.0,5.785334825515747
61.0,628.0,5.817174196243286
62.0,636.0,5.848937273025513
60.0,622.0,5.885450839996338
59.0,608.0,5.916681289672852
58.0,596.0,5.94837212562561
53.0,550.0,5.984081745147705
49.0,502.0,6.016962766647339
47.0,484.0,6.0472331047058105
43.0,448.0,6.081802845001221
0.0,430.0,6.113283634185791
0.0,412.0,6.1463329792022705
0.0,394.0,6.177335500717163
0.0,372.0,6.211194038391113
0.0,344.0,6.245677709579468
0.0,326.0,6.276022911071777
0.0,292.0,6.3094093799591064
0.0,254.0,6.344390153884888
0.0,242.0,6.375485181808472
0.0,200.0,6.409121990203857
0.0,158.0,6.443018913269043
0.0,131.0,6.475666284561157
0.0,107.0,6.506850004196167
0.0,81.0,6.540868282318115
0.0,55.0,6.574712753295898
3.0,38.0,6.6059043407440186
2.0,30.0,6.639296531677246
0.0,7.0,6.676249265670776
0.0,0.0,6.7072672843933105
0.0,0.0,6.745816707611084
0.0,0.0,6.775493383407593
0.0,0.0,6.804969787597656
0.0,0.0,6.835590839385986
0.0,0.0,6.865655899047852
0.0,0.0,6.895104885101318
0.0,0.0,6.925566911697388
2.0,24.0,6.955775737762451
4.0,41.0,6.992156028747559
6.0,68.0,7.025977849960327
10.0,108.0,7.061401605606079
14.0,150.0,7.095707178115845
0.0,166.0,7.126899242401123
0.0,215.0,7.1583263874053955
0.0,233.0,7.189151763916016
0.0,266.0,7.219732999801636
0.0,304.0,7.250870943069458
0.0,322.0,7.281582593917847
0.0,354.0,7.311824798583984
0.0,375.0,7.343156576156616
0.0,406.0,7.373603820800781
0.0,422.0,7.404792308807373
0.0,450.0,7.43632173538208
0.0,486.0,7.4654576778411865
0.0,512.0,7.4972405433654785
0.0,556.0,7.527258634567261
0.0,580.0,7.558064699172974
0.0,596.0,7.589635133743286
60.0,618.0,7.619817733764648
63.0,645.0,7.652028322219849
66.0,684.0,7.6857991218566895
70.0,724.0,7.717714309692383
75.0,768.0,7.7504189014434814
78.0,804.0,7.785868167877197
80.0,823.0,7.8169426918029785
82.0,848.0,7.849889278411865
86.0,884.0,7.885834217071533
87.0,892.0,7.916780710220337
89.0,919.0,7.9482903480529785
91.0,940.0,7.985289096832275
91.0,932.0,8.016968488693237
92.0,948.0,8.047778129577637
92.0,950.0,8.085817813873291
0.0,933.0,8.115757703781128
0.0,933.0,8.147165298461914
0.0,926.0,8.177263259887695
0.0,924.0,8.208268404006958
0.0,903.0,8.238776683807373
0.0,880.0,8.269776105880737
0.0,848.0,8.300776720046997
0.0,812.0,8.331292152404785
0.0,767.0,8.362884044647217
0.0,726.0,8.39386248588562
0.0,688.0,8.425214529037476
0.0,669.0,8.455316066741943
0.0,644.0,8.48627781867981
0.0,624.0,8.517183065414429
0.0,604.0,8.547935247421265
0.0,578.0,8.578656435012817
54.0,560.0,8.6100492477417
54.0,556.0,8.641026973724365
52.0,540.0,8.67585039138794
49.0,502.0,8.711016416549683
48.0,496.0,8.745588541030884
47.0,484.0,8.780428171157837
44.0,458.0,8.815564632415771
44.0,458.0,8.849894046783447
43.0,444.0,8.885113716125488
42.0,430.0,8.914656639099121
41.0,420.0,8.950454711914062
40.0,410.0,8.98444414138794
39.0,407.0,9.014777898788452
37.0,386.0,9.049115896224976
37.0,380.0,9.083698749542236
36.0,374.0,9.114786863327026
0.0,364.0,9.148323059082031
0.0,345.0,9.180432558059692
0.0,340.0,9.212437868118286
0.0,327.0,9.244868040084839
0.0,326.0,9.277772426605225
0.0,310.0,9.310112476348877
0.0,305.0,9.341922760009766
0.0,296.0,9.37446904182434
0.0,292.0,9.405139207839966
0.0,288.0,9.43507170677185
0.0,270.0,9.468318939208984
0.0,254.0,9.499674320220947
0.0,251.0,9.533128499984741
0.0,241.0,9.564183235168457
0.0,242.0,9.597104787826538
21.0,222.0,9.62997317314148
22.0,231.0,9.661373138427734
19.0,202.0,9.693855047225952
18.0,194.0,9.724784851074219
17.0,179.0,9.76131534576416
15.0,158.0,9.792974948883057
14.0,151.0,9.82546591758728
13.0,140.0,9.860970973968506
12.0,130.0,9.891915321350098
11.0,120.0,9.92493987083435
10.0,106.0,9.960432052612305
8.0,90.0,9.991608381271362
8.0,82.0,10.02523136138916
5.0,60.0,10.060086250305176
4.0,48.0,10.090782642364502
4.0,41.0,10.12543535232544
0.0,40.0,10.155977010726929
0.0,29.0,10.185887336730957
0.0,6.0,10.21717619895935
0.0,0.0,10.247327089309692
0.0,0.0,10.276820659637451
0.0,0.0,10.307451963424683
0.0,0.0,10.337625503540039
0.0,0.0,10.3673734664917
0.0,0.0,10.398104906082153
0.0,0.0,10.428259134292603
0.0,0.0,10.458280324935913
0.0,0.0,10.488922357559204
0.0,0.0,10.519073963165283
0.0,0.0,10.549859762191772
0.0,0.0,10.57882833480835
0.0,0.0,10.60963773727417
0.0,0.0,10.64071249961853
0.0,0.0,10.66985273361206
0.0,0.0,10.699549674987793
0.0,0.0,10.729828834533691
0.0,0.0,10.759938716888428
0.0,0.0,10.790588617324829
0.0,0.0,10.820980787277222
0.0,0.0,10.851298093795776
0.0,0.0,10.881511688232422
0.0,6.0,10.911827564239502
0.0,20.0,10.942662954330444
3.0,39.0,10.972800970077515
4.0,46.0,11.005078315734863
7.0,78.0,11.043176889419556
8.0,83.0,11.075155258178711
9.0,101.0,11.111999034881592
0.0,118.0,11.142995119094849
0.0,132.0,11.173947811126709
0.0,131.0,11.20467472076416
0.0,136.0,11.235513925552368
0.0,148.0,11.26542854309082
0.0,160.0,11.297091960906982
0.0,157.0,11.327404499053955
0.0,160.0,11.358827352523804
0.0,184.0,11.389143466949463
0.0,198.0,11.420465230941772
0.0,216.0,11.450838327407837
0.0,240.0,11.482113599777222
0.0,244.0,11.512933015823364
0.0,257.0,11.543895959854126
0.0,286.0,11.573872804641724
0.0,296.0,11.605456829071045
30.0,310.0,11.6366605758667
32.0,332.0,11.671674966812134
34.0,354.0,11.70467472076416
36.0,371.0,11.741924524307251
37.0,382.0,11.774945259094238
38.0,391.0,11.810837268829346
40.0,416.0,11.844924211502075
42.0,432.0,11.8808434009552
43.0,447.0,11.914909362792969
45.0,466.0,11.949545621871948
47.0,486.0,11.984191179275513
50.0,512.0,12.019989728927612
52.0,542.0,12.05390977859497
55.0,572.0,12.089589595794678
56.0,580.0,12.124059438705444
0.0,598.0,12.159706115722656
0.0,614.0,12.193177938461304
0.0,628.0,12.224200963973999
0.0,646.0,12.253675937652588
0.0,660.0,12.288102388381958
0.0,688.0,12.320623874664307
0.0,704.0,12.353640079498291
0.0,732.0,12.38829755783081
0.0,756.0,12.421574592590332
0.0,775.0,12.454084157943726
0.0,800.0,12.488083600997925
0.0,822.0,12.521809577941895
0.0,837.0,12.554137468338013
0.0,868.0,12.588889837265015
0.0,884.0,12.62299919128418
87.0,900.0,12.654096603393555
89.0,912.0,12.686852216720581
91.0,934.0,12.717989444732666
92.0,944.0,12.754389762878418
91.0,940.0,12.78661298751831
93.0,956.0,12.816325902938843
94.0,965.0,12.854293823242188
93.0,960.0,12.886058330535889
95.0,976.0,12.923473119735718
94.0,964.0,12.954983949661255
95.0,976.0,12.993879079818726
92.0,951.0,13.025317430496216
92.0,951.0,13.06421160697937
91.0,935.0,13.093837261199951
90.0,924.0,13.12566876411438
0.0,887.0,13.155462503433228
0.0,868.0,13.187119483947754
0.0,828.0,13.2193443775177
0.0,812.0,13.248502016067505
0.0,775.0,13.27989912033081
0.0,764.0,13.310672998428345
0.0,736.0,13.342180490493774
0.0,720.0,13.372697591781616
0.0,692.0,13.40390396118164
0.0,684.0,13.434904336929321
0.0,676.0,13.465903043746948
0.0,660.0,13.49701738357544
0.0,640.0,13.528594255447388
0.0,628.0,13.559574604034424
0.0,618.0,13.59057331085205
0.0,612.0,13.621926546096802
0.0,598.0,13.652572870254517
56.0,576.0,13.683921575546265
56.0,578.0,13.71390438079834
54.0,556.0,13.750888109207153
53.0,550.0,13.783814907073975
51.0,524.0,13.819271326065063
49.0,503.0,13.853711366653442
49.0,503.0,13.888798952102661
47.0,488.0,13.922919511795044
44.0,452.0,13.958043098449707
44.0,453.0,13.992923974990845
42.0,434.0,14.027967929840088
40.0,418.0,14.06340765953064
40.0,411.0,14.096930742263794
37.0,387.0,14.133379220962524
0.0,384.0,14.166922330856323
0.0,368.0,14.199922561645508
0.0,358.0,14.23298192024231
0.0,343.0,14.26553463935852
0.0,326.0,14.298765182495117
0.0,314.0,14.332995653152466
0.0,295.0,14.365762948989868
0.0,290.0,14.399074792861938
0.0,272.0,14.431666851043701
0.0,253.0,14.462684154510498
0.0,246.0,14.494667768478394
0.0,240.0,14.528259754180908
0.0,228.0,14.561078548431396
0.0,204.0,14.592662572860718
0.0,193.0,14.624378681182861
0.0,182.0,14.657762289047241
17.0,180.0,14.691127300262451
15.0,154.0,14.722808837890625
15.0,156.0,14.753958702087402
14.0,151.0,14.786005735397339
12.0,132.0,14.823037147521973
12.0,129.0,14.854121446609497
10.0,104.0,14.885360479354858
9.0,95.0,14.923011302947998
8.0,82.0,14.953258514404297
6.0,67.0,14.98418116569519
5.0,53.0,15.022384881973267
4.0,42.0,15.053552865982056
3.0,31.0,15.092815637588501
0.0,17.0,15.123192548751831
0.0,12.0,15.154012203216553
0.0,0.0,15.184592008590698
0.0,0.0,15.214728593826294
0.0,0.0,15.244197845458984
0.0,0.0,15.27526307106018
0.0,0.0,15.304620027542114
0.0,0.0,15.33514952659607
0.0,0.0,15.365664720535278
0.0,0.0,15.395254373550415
0.0,0.0,15.426289796829224
0.0,0.0,15.45657467842102
0.0,0.0,15.486101388931274
0.0,0.0,15.516968011856079
0.0,0.0,15.546961784362793
0.0,0.0,15.577419519424438
0.0,0.0,15.606907844543457
0.0,0.0,15.637580871582031
0.0,0.0,15.668285608291626
0.0,0.0,15.697952508926392
0.0,0.0,15.728699207305908
0.0,0.0,15.759129524230957
0.0,0.0,15.788216829299927
0.0,0.0,15.81936264038086
0.0,0.0,15.849457502365112
0.0,0.0,15.878858089447021
0.0,0.0,15.91002631187439
0.0,16.0,15.940640687942505
4.0,41.0,15.971352577209473
4.0,42.0,16.00239586830139
3.0,39.0,16.041387796401978
3.0,40.0,16.0823974609375
4.0,42.0,16.121161699295044
4.0,44.0,16.15168023109436
0.0,67.0,16.19123148918152
0.0,60.0,16.22127103805542
0.0,66.0,16.252140760421753
0.0,69.0,16.282659769058228
0.0,89.0,16.313212871551514
0.0,90.0,16.34350609779358
0.0,93.0,16.37350058555603
0.0,100.0,16.403999090194702
0.0,104.0,16.4352126121521
0.0,118.0,16.466145753860474
0.0,120.0,16.49614715576172
0.0,122.0,16.527410984039307
0.0,124.0,16.557409524917603
0.0,129.0,16.58868932723999
0.0,126.0,16.61830234527588
0.0,130.0,16.649702310562134
0.0,129.0,16.679701805114746
13.0,134.0,16.710702180862427
13.0,134.0,16.750200510025024
13.0,134.0,16.78123426437378
13.0,135.0,16.819137811660767
13.0,134.0,16.851152896881104
12.0,132.0,16.889189958572388
13.0,134.0,16.9200336933136
13.0,135.0,16.958478689193726
12.0,130.0,16.990550756454468
12.0,132.0,17.029147148132324
13.0,134.0,17.06077814102173
13.0,134.0,17.090266466140747
13.0,134.0,17.12875747680664
12.0,132.0,17.159120559692383
13.0,134.0,17.19087028503418
0.0,133.0,17.220644235610962
0.0,134.0,17.252915143966675
0.0,133.0,17.28399085998535
0.0,136.0,17.314493656158447
0.0,142.0,17.34682536125183
0.0,155.0,17.377243041992188
0.0,158.0,17.40932297706604
0.0,162.0,17.439679861068726
0.0,158.0,17.470645427703857
0.0,160.0,17.501478672027588
0.0,161.0,17.53331160545349
0.0,162.0,17.564022541046143
0.0,175.0,17.595433235168457
0.0,176.0,17.62674570083618
0.0,176.0,17.658005237579346
0.0,174.0,17.68967628479004
17.0,176.0,17.719454765319824
17.0,176.0,17.750849962234497
17.0,178.0,17.789488554000854
18.0,192.0,17.820005178451538
18.0,190.0,17.850986003875732
18.0,194.0,17.88908886909485
19.0,195.0,17.92043685913086
18.0,194.0,17.958373546600342
19.0,198.0,17.9897403717041
19.0,200.0,18.028637647628784
19.0,195.0,18.060149908065796
19.0,204.0,18.09820580482483
19.0,203.0,18.129375457763672
19.0,204.0,18.167492866516113
21.0,218.0,18.19946527481079
0.0,208.0,18.22927188873291
0.0,210.0,18.261740684509277
0.0,212.0,18.29306173324585
0.0,229.0,18.3247172832489
0.0,226.0,18.35602045059204
0.0,231.0,18.387701511383057
0.0,233.0,18.419082403182983
0.0,238.0,18.44860339164734
0.0,236.0,18.48007345199585
0.0,232.0,18.51139545440674
0.0,234.0,18.542505025863647
0.0,233.0,18.574565172195435
0.0,236.0,18.605565786361694
0.0,238.0,18.636725664138794
0.0,240.0,18.668307065963745
24.0,253.0,18.699683904647827
25.0,263.0,18.731015920639038
26.0,268.0,18.763355493545532
26.0,272.0,18.799628257751465
28.0,288.0,18.830750703811646
27.0,286.0,18.863404273986816
28.0,294.0,18.899492979049683
29.0,300.0,18.93027353286743
28.0,296.0,18.962281703948975
28.0,293.0,18.99870276451111
29.0,298.0,19.03214955329895
29.0,302.0,19.0693781375885
29.0,306.0,19.102492570877075
29.0,304.0,19.139227151870728
30.0,307.0,19.171475887298584
30.0,315.0,19.209892988204956
0.0,310.0,19.23936414718628
0.0,314.0,19.273374557495117
0.0,317.0,19.308372974395752
0.0,326.0,19.34404182434082
0.0,328.0,19.37869095802307
0.0,332.0,19.41365671157837
0.0,336.0,19.44853448867798
0.0,343.0,19.47867202758789
0.0,342.0,19.510282039642334
0.0,343.0,19.546059370040894
0.0,348.0,19.578260898590088
0.0,350.0,19.615298986434937
0.0,351.0,19.64828610420227
0.0,352.0,19.685019731521606
34.0,352.0,19.718971729278564
34.0,358.0,19.75010061264038
35.0,362.0,19.783100128173828
35.0,359.0,19.81816267967224
35.0,368.0,19.84991693496704
35.0,368.0,19.883124351501465
36.0,372.0,19.918071031570435
37.0,380.0,19.949514627456665
37.0,384.0,19.982243061065674
37.0,388.0,20.0186607837677
38.0,390.0,20.052340269088745
38.0,396.0,20.088648557662964
39.0,407.0,20.121963024139404
40.0,416.0,20.158562421798706
40.0,412.0,20.192116022109985
0.0,416.0,20.227632761001587
0.0,416.0,20.25773859024048
0.0,420.0,20.29262685775757
0.0,422.0,20.327643156051636
0.0,422.0,20.35923409461975
0.0,426.0,20.394593238830566
0.0,434.0,20.42755365371704
0.0,436.0,20.461012840270996
0.0,438.0,20.497016191482544
0.0,448.0,20.52786612510681
0.0,452.0,20.56237292289734
0.0,455.0,20.59737467765808
0.0,464.0,20.627879858016968
0.0,468.0,20.66388463973999
0.0,478.0,20.69764733314514
46.0,480.0,20.730454683303833
47.0,490.0,20.76128125190735
47.0,487.0,20.79612636566162
47.0,490.0,20.828163385391235
49.0,502.0,20.86022639274597
49.0,502.0,20.89566659927368
49.0,503.0,20.928176879882812
50.0,514.0,20.96051025390625
50.0,512.0,20.995264053344727
50.0,520.0,21.02805519104004
52.0,532.0,21.059759616851807
52.0,538.0,21.09392809867859
52.0,538.0,21.12709903717041
54.0,560.0,21.159467220306396
54.0,560.0,21.194563627243042
54.0,562.0,21.228044509887695
0.0,566.0,21.25982689857483
0.0,576.0,21.2929368019104
0.0,580.0,21.325308561325073
0.0,582.0,21.356661081314087
0.0,582.0,21.389742851257324
0.0,592.0,21.422122955322266
0.0,596.0,21.45429754257202
0.0,602.0,21.48655128479004
0.0,608.0,21.516259908676147
0.0,612.0,21.551060438156128
0.0,618.0,21.58338975906372
0.0,624.0,21.614969968795776
0.0,628.0,21.647080183029175
0.0,630.0,21.67962336540222
0.0,644.0,21.712371826171875
63.0,650.0,21.74442148208618
65.0,668.0,21.777421236038208
66.0,676.0,21.81016969680786
67.0,695.0,21.842410802841187
68.0,704.0,21.87740659713745
67.0,694.0,21.909637689590454
69.0,716.0,21.942350149154663
70.0,722.0,21.9773166179657
71.0,727.0,22.00852370262146
72.0,740.0,22.04219388961792
73.0,752.0,22.076284646987915
73.0,752.0,22.10846471786499
75.0,774.0,22.141473531723022
75.0,775.0,22.17719793319702
75.0,774.0,22.208532333374023
0.0,788.0,22.23995065689087
0.0,788.0,22.27286124229431
0.0,788.0,22.305301427841187
0.0,796.0,22.3362078666687
0.0,798.0,22.367660760879517
0.0,804.0,22.400149822235107
0.0,806.0,22.432211875915527
0.0,816.0,22.465229988098145
0.0,821.0,22.49615240097046
0.0,828.0,22.5275661945343
0.0,828.0,22.56022620201111
0.0,833.0,22.592241764068604
0.0,836.0,22.624423265457153
0.0,838.0,22.655907154083252
0.0,839.0,22.68729543685913
0.0,848.0,22.719749927520752
82.0,848.0,22.7526752948761
83.0,852.0,22.78267526626587
84.0,860.0,22.815030336380005
84.0,861.0,22.846096754074097
82.0,839.0,22.88298749923706
83.0,852.0,22.914515733718872
83.0,853.0,22.946566820144653
82.0,848.0,22.98156714439392
83.0,855.0,23.013901233673096
84.0,860.0,23.04562282562256
83.0,854.0,23.081079721450806
86.0,880.0,23.11330246925354
86.0,884.0,23.146504640579224
85.0,871.0,23.181357622146606
86.0,884.0,23.211697101593018
86.0,887.0,23.246465921401978
0.0,880.0,23.276423692703247
0.0,885.0,23.306965589523315
0.0,886.0,23.338139057159424
0.0,896.0,23.369215488433838
0.0,900.0,23.40030574798584
0.0,901.0,23.42972493171692
0.0,903.0,23.46097707748413
0.0,912.0,23.492151737213135
0.0,916.0,23.523157119750977
0.0,916.0,23.553669214248657
0.0,916.0,23.584667921066284
0.0,917.0,23.61574387550354
0.0,918.0,23.64625382423401
0.0,919.0,23.67730951309204
0.0,924.0,23.708350658416748
0.0,928.0,23.738802194595337
91.0,932.0,23.77025604248047
91.0,932.0,23.801005840301514
92.0,944.0,23.831472873687744
92.0,948.0,23.86567497253418
91.0,940.0,23.901160955429077
92.0,951.0,23.93036198616028
93.0,956.0,23.96586275100708
92.0,944.0,24.000514030456543
94.0,964.0,24.031166076660156
94.0,965.0,24.065776824951172
94.0,964.0,24.100165367126465
96.0,983.0,24.135695695877075
95.0,976.0,24.169858694076538
96.0,989.0,24.205347299575806
95.0,980.0,24.238863229751587
0.0,980.0,24.270241498947144
0.0,982.0,24.299864053726196
0.0,980.0,24.331253051757812
0.0,983.0,24.36189031600952
0.0,983.0,24.391841411590576
0.0,989.0,24.42270588874817
0.0,999.0,24.45331883430481
0.0,1008.0,24.48317551612854
0.0,1023.0,24.514508485794067
0.0,1023.0,24.54525399208069
0.0,1023.0,24.57498073577881
0.0,1023.0,24.606345176696777
0.0,1023.0,24.636414766311646
0.0,1023.0,24.666998147964478
0.0,1023.0,24.696994066238403
0.0,1023.0,24.72800040245056
99.0,1023.0,24.759509325027466
99.0,1023.0,24.790510892868042
99.0,1023.0,24.82151770591736
99.0,1023.0,24.852663040161133
99.0,1023.0,24.88370418548584
99.0,1023.0,24.91461443901062
99.0,1023.0,24.94582962989807
99.0,1023.0,24.976151704788208
99.0,1023.0,25.007691144943237
99.0,1023.0,25.03871488571167
99.0,1023.0,25.069854736328125
99.0,1023.0,25.100284814834595
99.0,1023.0,25.130813121795654
99.0,1023.0,25.162824153900146
99.0,1023.0,25.194112300872803
99.0,1023.0,25.22499704360962
99.0,1023.0,25.256227731704712
0.0,1023.0,25.286442041397095
0.0,1023.0,25.317273139953613
0.0,1023.0,25.347567796707153
0.0,1023.0,25.37796449661255
0.0,1023.0,25.40899419784546
0.0,1023.0,25.43921947479248
0.0,1023.0,25.46921682357788
0.0,1023.0,25.500218629837036
0.0,1023.0,25.531062602996826
0.0,1023.0,25.56163716316223
0.0,1023.0,25.591238021850586
0.0,1023.0,25.62282681465149
0.0,1023.0,25.652562379837036
0.0,1023.0,25.68323516845703
0.0,1023.0,25.713223695755005
0.0,1023.0,25.74427843093872
99.0,1023.0,25.775254726409912
99.0,1023.0,25.806498765945435
99.0,1023.0,25.837579011917114
99.0,1023.0,25.86837673187256
99.0,1023.0,25.89940571784973
99.0,1023.0,25.93079924583435
99.0,1023.0,25.96178150177002
99.0,1023.0,25.992692947387695
99.0,1023.0,26.023857831954956
99.0,1023.0,26.05480718612671
99.0,1023.0,26.085238218307495
99.0,1023.0,26.11689829826355
99.0,1023.0,26.147709131240845
99.0,1023.0,26.17897915840149
99.0,1023.0,26.210131645202637
99.0,1023.0,26.24045753479004
99.0,1023.0,26.27193546295166
0.0,1023.0,26.30271625518799
0.0,1023.0,26.332305192947388
0.0,1023.0,26.363603591918945
0.0,1023.0,26.394296646118164
0.0,1023.0,26.4249005317688
0.0,1023.0,26.454798460006714
0.0,1023.0,26.48596978187561
0.0,1023.0,26.515838623046875
0.0,1023.0,26.546416521072388
0.0,1023.0,26.577571630477905
0.0,1023.0,26.608115434646606
0.0,1023.0,26.638295888900757
0.0,1023.0,26.669312953948975
0.0,1023.0,26.69892907142639
0.0,1023.0,26.729976177215576
0.0,1023.0,26.760527849197388
99.0,1023.0,26.7915096282959
99.0,1023.0,26.822511434555054
99.0,1023.0,26.8536958694458
99.0,1023.0,26.884211540222168
99.0,1023.0,26.915210962295532
99.0,1023.0,26.94672679901123
99.0,1023.0,26.977726221084595
99.0,1023.0,27.008729696273804
99.0,1023.0,27.03976011276245
99.0,1023.0,27.07039451599121
99.0,1023.0,27.102267503738403
99.0,1023.0,27.132174968719482
99.0,1023.0,27.163902521133423
99.0,1023.0,27.195415258407593
99.0,1023.0,27.22627091407776
99.0,1023.0,27.256869316101074
0.0,1023.0,27.287283658981323
0.0,1023.0,27.318531274795532
0.0,1023.0,27.34893035888672
0.0,1023.0,27.379163026809692
0.0,1023.0,27.41014313697815
0.0,1023.0,27.440778255462646
0.0,1023.0,27.47134304046631
0.0,1023.0,27.50163197517395
0.0,1023.0,27.53229522705078
0.0,1023.0,27.56294584274292
0.0,1023.0,27.593458652496338
0.0,1023.0,27.624155282974243
0.0,1023.0,27.653897523880005
0.0,1023.0,27.68421173095703
0.0,1023.0,27.715326070785522
0.0,1023.0,27.74618697166443
0.0,1023.0,27.776801586151123
99.0,1023.0,27.807413816452026
99.0,1023.0,27.838931560516357
99.0,1023.0,27.869957208633423
99.0,1023.0,27.900779008865356
99.0,1023.0,27.932080030441284
99.0,1023.0,27.96230125427246
99.0,1023.0,27.993911743164062
99.0,1023.0,28.02513074874878
99.0,1023.0,28.056099891662598
99.0,1023.0,28.0868079662323
99.0,1023.0,28.11812424659729
99.0,1023.0,28.149295330047607
99.0,1023.0,28.180295944213867
99.0,1023.0,28.210897207260132
99.0,1023.0,28.242363452911377
99.0,1023.0,28.273412466049194
0.0,1023.0,28.303860902786255
0.0,1023.0,28.333635330200195
0.0,1023.0,28.36516571044922
0.0,1023.0,28.395612478256226
0.0,1023.0,28.426106452941895
0.0,1023.0,28.455949306488037
0.0,1023.0,28.48696756362915
0.0,1023.0,28.516963481903076
0.0,1023.0,28.547940015792847
0.0,1023.0,28.578720808029175
0.0,1023.0,28.60871982574463
0.0,1023.0,28.639233112335205
0.0,1023.0,28.67068886756897
0.0,1023.0,28.700873851776123
0.0,1023.0,28.731477737426758
0.0,1023.0,28.76224112510681
99.0,1023.0,28.79319715499878
99.0,1023.0,28.824373722076416
99.0,1023.0,28.8551287651062
99.0,1023.0,28.88615846633911
99.0,1023.0,28.91731309890747
99.0,1023.0,28.94782304763794
99.0,1023.0,28.978822469711304
99.0,1023.0,29.0098237991333
99.0,1023.0,29.041335821151733
99.0,1023.0,29.07233738899231
99.0,1023.0,29.103336572647095
99.0,1023.0,29.134382963180542
99.0,1023.0,29.165853261947632
99.0,1023.0,29.196866989135742
99.0,1023.0,29.22787570953369
99.0,1023.0,29.258837938308716
99.0,1023.0,29.28980541229248
99.0,1023.0,29.320975065231323
99.0,1023.0,29.351327896118164
99.0,1023.0,29.38309359550476
99.0,1023.0,29.414113759994507
99.0,1023.0,29.445263624191284
99.0,1023.0,29.4755380153656
99.0,1023.0,29.507405519485474
99.0,1023.0,29.537968635559082
99.0,1023.0,29.56951594352722
99.0,1023.0,29.6004536151886
99.0,1023.0,29.63081455230713
99.0,1023.0,29.662574529647827
99.0,1023.0,29.693535327911377
99.0,1023.0,29.72457242012024
99.0,1023.0,29.75575089454651
99.0,1023.0,29.786137580871582
99.0,1023.0,29.81768250465393
99.0,1023.0,29.847992181777954
99.0,1023.0,29.87982726097107
99.0,1023.0,29.910890340805054
99.0,1023.0,29.941896200180054
99.0,1023.0,29.972821950912476
99.0,1023.0,30.00382900238037
